vote_account,minimum_stake,avg_stake,avg_dc_concentration,avg_skip_rate,avg_grace_skip_rate,max_commission,avg_adjusted_credits,dc_aso,marinade_stake,version,normalized_dc_concentration,normalized_grace_skip_rate,normalized_adjusted_credits,rank_dc_concentration,rank_grace_skip_rate,rank_adjusted_credits,score,blacklisted,ui_hints,eligible_stake_algo,eligible_stake_msol,rank,in_algo_stake_set,msol_votes,vemnde_votes,msol_power,eligible_stake_vemnde,vemnde_power,target_stake_vemnde,target_stake_msol,target_stake_algo,target_stake
EARNynHRWg6GfyJCmrrizcZxARB3HVzcaasvNa8kBS72,1152520.00242652,1176401.05455759,0.0353325054635657,0.0110017450724038,0.0110017450724038,5,394239.74,LATITUDE-SH,752615.841084089,1.14.22,0.799284874929372,0.986336043112949,0.943110568447926,716,1290,89,0.924308575188535,0,"",1,1,112,0,460213.579527676,1677072.85949539,0.502239382576469,1,0.0394151630314118,50140,638897,0,689037
DumiCKHVqoCQKD8roLApzR5Fit8qGV5fVQsJV9sTZk4a,7193479.90757249,7236619.35807244,0.0197765811975715,0.0112908002080902,0.0112908002080902,8,380293.96,UNITAS,436339.928878028,1.14.20,0.887654189351694,0.985977042164826,0.909749110510556,691,1329,184,0.91221357892106,0,"",1,1,236,0,290000.164192187,0,0.316481943068172,1,0,0,402596,0,402596
2ayMCC4aizr8RGg5ptXYqu8uoxW1whNek1hE1zaAd58z,196775.540409586,220233.339999877,0.0046888627940859,0.00621484026963187,0.00621484026963187,10,373501.98,HVC-AS,178702.689629308,1.14.22,0.973363743391353,0.992281287291671,0.893501159153123,256,595,303,0.913386181969662,0,"",1,1,213,0,34828.896097232,4836553.88419564,0.0380094813624875,1,0.0999999907258385,127210,48352,0,175562
7K8DVxtNJGnMtUY1CQJT5jcs8sFGSZTDiG7kowvFpECh,261410.580715364,278690.073955187,0.00392436555746194,0.0158220651267291,0.0158220651267291,5,394372.265,Latitude.sh LTDA,170694.446617298,1.14.20,0.977706660952729,0.98034929783112,0.943427598202673,247,1640,81,0.95154143090487,0,"",1,1,41,1,17616.084382445,3093509.33548932,0.0192246410658239,1,0.0727047656020609,92487,24456,38366,155309
mintrNtxN3PhAB45Pt41XqyKghTTpqcoBkQTZqh96iR,151915.733135588,166569.835161451,0.00392436555746194,0.0161988811898332,0.0133598755326303,6,389443.598,Latitude.sh LTDA,148312.215196886,1.14.20,0.977706660952729,0.983407290198704,0.931637112707577,247,1515,126,0.942707056859994,0,"",1,1,47,1,45464.239295626,1540841.01761801,0.0496156381367289,1,0.0362133978988089,46067,63116,38010,147193
AS3nKBQfKs8fJ8ncyHrdvo4FDT6S8HMRhD75JjCcyr1t,1225909.05862726,1252204.04564408,0.0353325054635657,0.0123192998282939,0.0123192998282939,3,411319.787,LATITUDE-SH,139035.306922122,1.14.19,0.799284874929372,0.984699665314487,0.983969901490524,716,1427,32,0.955612956159882,0,"",1,1,30,1,62.263279862,3322050.57889012,0.0000676616567938851,1,0.078076035325652,99320,86,38530,137936
9xEFsHZt2mbuGQjtVGABxpeQiNeDvj54pfsJrrrUUev6,184704.175541763,211783.96732182,0.0353325054635657,0.0208664722272865,0.0208664722272865,4,414917.004,LATITUDE-SH,112998.022886561,1.14.19,0.799284874929372,0.974084240725258,0.992575257636763,716,1816,17,0.96141588976551,0,"",1,1,24,1,911.339620686,2415602.61249071,0.000994189828052087,1,0.0567723590294998,72220,1265,38764,112249
5tq4wWgnwRiJVU6nakZrBCZJ63pMEZJxmVrL2WnZ6yQv,123705.006830393,155137.10789226,0.0353325054635657,0.0177777149979089,0.0124797960925745,5,394839.981,LATITUDE-SH,154300.887406452,1.14.19,0.799284874929372,0.984500332024975,0.944546480592947,716,1438,70,0.925271914447168,0,"",1,1,106,0,0,3653029.22458601,0,1,0.0858547846233661,109216,0,0,109216
CogentC52e7kktFfWHwsqSmr8LiS1yAtfqhHcftCPcBJ,1978337.94290726,1990802.66088435,0.0353325054635657,0.0107577989307237,0.0107577989307237,6,389720.522,LATITUDE-SH,106212.38012468,1.14.20,0.799284874929372,0.986639019553572,0.932299577508961,716,1258,125,0.916015734192455,0,"",1,1,150,0,23109.729243853,2294600.64727466,0.0252203369113982,1,0.0539285301585529,68602,32083,0,100685
Ehdn9LdjTAURQSMoDPERXLehtvzy7QD762wwPkzGT7RS,407530.720496036,410414.042146505,0.0197765811975715,0.0134827035352013,0.0134827035352013,8,380814.68,UNITAS,99304.072848274,1.14.20,0.887654189351694,0.98325474016954,0.910994790449372,691,1523,172,0.912962386412819,0,"",1,1,223,0,0,3262776.01294472,0,1,0.0766829403469241,97548,0,0,97548
DfpdmTsSCBPxCDwZwgBMfjjV8mF8xHkGRcXP8dJBVmrq,602368.770203644,677017.029055751,0.00176512488982459,0.175447207324184,0.175447207324184,7,373366.077,ORACLE-BMC-31898,89359.873813274,1.14.22,0.989972767048978,0.782097925278737,0.893176048458844,155,1880,369,0.899523380305011,0,"",1,1,562,0,91.164183454,2953731.02622451,0.0000993098511007024,1,0.0694196489433113,88309,126,0,88435
5iZ5PQPy5Z9XDnkfoWPi6nvUgtxWnRFwZ36WaftPuaVM,157285.918139425,158940.156212251,0.000825892366410893,0.0135214712996043,0.0125299516109995,10,372227.58,SERVER-MANIA,87784.539519945,1.14.22,0.995308312064369,0.9844380398307,0.890452506299329,103,1442,955,0.91381382515021,0,"",1,1,203,0,0,2848959.3841788,0,1,0.0669572431479249,85176,0,0,85176
GNZ1PAAS33davY4Q1BMEpZEpVBtRtGvSpcTH5wYVkkVt,128302.505972094,162656.804454843,0.0353325054635657,0.022316568989523,0.0149851089902138,5,395198.765,LATITUDE-SH,47775.142679892,1.14.22,0.799284874929372,0.981388781339458,0.945404773017221,716,1600,64,0.925692789336186,0,"",1,1,102,1,0,1352494.670842,0,1,0.0317868174472203,40436,0,37324,77760
Luck3DN3HhkV6oc7rPQ1hYGgU3b5AhdKW9o1ob6AyU9,94081.24854489,101344.293392672,0.00392436555746194,0.00175492610837438,0.00175492610837438,4,398529.312,Latitude.sh LTDA,62756.097301947,1.14.20,0.977706660952729,0.99782041534984,0.953372194247797,247,66,51,0.960535052287174,0,"",1,1,25,1,1131.516694252,741077.625,0.00123537089501093,1,0.0174170838957339,22156,1572,38729,62457
juicQdAnksqZ5Yb8NQwCLjLWhykvXGktxnQCDvMe6Nx,627102.804704105,642345.734374905,0.00392436555746194,0.00757384138959346,0.00757384138959346,4,398116.512,Latitude.sh LTDA,62127.157348267,1.14.22,0.977706660952729,0.990593433902013,0.952384683342236,247,819,55,0.959219506863833,0,"",1,1,26,1,546.590187688,754880.617238309,0.000596950423649277,1,0.017741494063702,22569,759,38675,62003
GREENr9zSeapgunqdMeTg8MCh2cDDn2y3py1mBGUzJYe,182433.78283884,183980.34165833,0.07201583799073,0.0140510734439207,0.0135121085795578,6,391147.254,WEBNX,62112.328755432,1.14.20,0.590896039221423,0.983218219667046,0.935712642938496,967,1525,116,0.886318209807296,0,"",1,1,658,0,0,2041335.68655054,0,1,0.0479762110339151,61030,0,0,61030
9xSvmMmFmG9atApxNDH5MY3pxKdicMKAGf7dNrwbTV1q,123500.997961623,134882.950079432,0.0046888627940859,0.0157153663415854,0.0119781373924759,3,402540.203,HVC-AS,57273.96085286,1.14.20,0.973363743391353,0.985123382532421,0.962967152105147,256,1389,42,0.966270953105123,0,"",1,1,19,1,12218.441543101,0,0.0133337116565756,1,0,0,16962,38960,55922
6hZL2FZim27WkQccMfygvvXH2eow5u3wR6XUJHbMoeWP,158186.7848064,170221.324464357,0.000440315348124085,0.0123204001730624,0.0108865558470853,0,415203.6,MWAY,49306.251517508,1.14.22,0.997498678652711,0.986479105926916,0.993260860048318,57,1275,11,0.993391158747347,0,"",1,1,2,1,6806.539013973,27274.870722915,0.00742859512574155,1,0.000641030040307361,815,9450,40053,50318
BWkvytz3MAiLkUbMuYK5yV1VYThbBYYQYG3gdef8NLw5,158870.944540119,168739.637408128,0.0368786258585534,0.0267722640361595,0.0179264654753978,10,373354.02,IS-AS-1,49961.227077951,1.14.22,0.790501751729286,0.977735672860893,0.89314720538959,760,1734,376,0.883862402324259,0,"",1,1,747,0,1692.025020158,1557290.3015188,0.00184650844024603,1,0.0365999913193849,46559,2349,0,48908
BeachiopjxQxL7CaHNSZsynApiZCKx9QFVtcWNz3jDBo,69437.377423114,285148.460569074,0.000738327091235804,0.00948621982650627,0.00948621982650627,10,373449.06,NorthC Deutschland GmbH,47535.891041722,1.14.20,0.995805748488082,0.988218296472293,0.893374562551568,96,1106,330,0.916428878381856,0,"",1,1,145,0,0,1562840.04945519,0,1,0.0367304324003589,46725,0,0,46725
1234LB7uvDC23rdCQoK8C3jNwnovUNyeKxz8wC3dghJ5,343416.518770113,347431.511175268,0.07201583799073,0.0112184138588651,0.0112184138588651,5,395386.675,WEBNX,46841.315051758,1.14.20,0.590896039221423,0.986066944625618,0.94585429621069,967,1323,63,0.894338614244259,0,"",1,1,609,0,0,1539778.31655106,0,1,0.0361884040336667,46035,0,0,46035
HxRrsnbc6K8CdEo3LCTrSUkFaDDxv9BdJsTDzBKnUVWH,1418403.79704662,1459061.40658286,0.00377376594484765,0.0156651021931167,0.0156651021931167,0,418020.7,AS-WAVE-1,42017.120217861,1.14.20,0.97856217967932,0.980544242791545,1,235,1632,1,0.995205277088476,0,"",1,1,1,1,3707.181111933,0,0.00404551228604729,1,0,0,5146,40126,45272
R1vAoSPFQdCc6wsAEMtxWXjqptSeN1YUiq2Zni1of21,76502.469851395,79889.4747181914,0.0180724396695736,0.01707574513609,0.0098025144891593,5,393202.53,TIER-NET,42633.278714317,1.14.20,0.897334991079238,0.987825464552843,0.940629327686404,687,1149,110,0.93759913258272,0,"",1,1,52,1,3900.668178892,0,0.00425722779278945,1,0,0,5416,37804,43220
6F5xdRXh2W3B2vhte12VG79JVUkUSLYrHydGX1SAadfZ,764769.568152792,826387.308796533,0.00213782614032196,0.00991471686925822,0.00991471686925822,0,415054,ALLNODES,39408.050184547,1.14.18,0.98785554447656,0.987686111343492,0.992902983034094,175,1159,13,0.991725156202888,0,"",1,1,4,1,756.254237679,0,0.000825035686067374,1,0,0,1050,39986,41036
7D1KBDEhnBs1w9AEd4zjbWybw7mhfNUh4KdZpjGvySjD,8637.623814451,44946.6524849053,0.000116218156388803,0.980927318295739,0.0212083253505992,0,414532.9,ZEN-ECN,40415.436477426,1.14.20,0.999339793725664,0.97365966568667,0.991656394049386,8,1817,22,0.991454091817835,0,"",1,1,5,1,0,0,0,1,0,0,0,39975,39975
bXr9MyoUAaGusQZ4gaUPmSZByHAV7RRGr1FhCW5tFh8,81934.579397269,87072.2558090961,0.00129394827214104,0.00807630489266645,0.00468376202651788,0,413766,CETIN a.s.,39060.897300605,1.14.22,0.992649403548652,0.994182857175987,0.989821795906279,135,365,28,0.99059227871816,0,"",1,1,6,1,0,0,0,1,0,0,0,39940,39940
DPmsofVJ1UMRZADgwYAHotJnazMwohHzRHSoomL6Qcao,247330.848161009,251198.428009379,0.000649664015040635,0.0110256468639387,0.0110256468639387,0,413007.6,23M GmbH,38963.134901992,1.14.20,0.996309421244773,0.986306357545168,0.988007531684436,84,1293,30,0.989153885913775,0,"",1,1,7,1,0,0,0,1,0,0,0,39882,39882
CzmqDuqEpfnkptuLAcikmJrhCnhFXo8aUBj6Rto1SPAc,351412.691106294,357906.135294728,0.00390283530086776,0.017229424351203,0.017229424351203,0,414764,OOO NIIR-RadioNet,39487.348708934,1.14.22,0.977828968954621,0.978601384600878,0.992209237485129,236,1709,19,0.988950130566263,0,"",1,1,8,1,0,0,0,1,0,0,0,39874,39874
5DiDp2gFM8eX9LV1yxkZAkw6f4v6ChMG8Kq9uYHiLf9T,89638.101569668,124358.070713349,0.0046888627940859,0.00917405119942712,0.00661280677794592,0,414573,HVC-AS,40336.259702113,1.14.20,0.973363743391353,0.991787020502511,0.991752322313225,256,662,20,0.988925979262882,0,"",1,1,9,1,0,0,0,1,0,0,0,39873,39873
BEASTXeioUFVSWKo1cpbHm4yqiqqu53H8xmjwy9phg4F,14085.9912567,32829.3191068102,0.010341236958441,0.00416666666666666,0.00172587161574305,0,416039.5,RELIABLESITE,38292.632545241,1.14.19,0.941254019711712,0.997856500473798,0.995260521787557,330,63,8,0.987151519828677,0,"",1,1,10,1,0,0,0,1,0,0,0,39802,39802
voteRnv6PBzmiGP8NicWtQiqEJTwKKq2SxtqtdLUJjd,669720.50124343,679827.955069326,0.010341236958441,0.0119965273232919,0.0119965273232919,0,416088.6,RELIABLESITE,39392.190366722,1.14.20,0.941254019711712,0.985100542590197,0.995377980085675,330,1392,6,0.986260644836182,0,"",1,1,11,1,0,1000,0,1,0.0000235099993081476,30,0,39766,39796
8FPz3JG4E3HVXxGbPZVibarva4AGXSZWx3qKLUS5uFtN,118329.008605351,151853.451497617,0.0080481163758564,0.0133551098245247,0.0116009363876458,0,414531.1,OOO NIIR-RadioNet,39199.487350938,1.14.20,0.954280664114557,0.985591858963554,0.99165208804253,320,1358,23,0.985436466739844,0,"",1,1,12,1,0,0,0,1,0,0,0,39733,39733
DsiG71AvUHUEo9rMMHqM9NAWQ6ptguRAHyot6wGzLJjx,508834.674125469,519055.505071909,0.0353325054635657,0.0132081149960869,0.0132081149960869,0,415217.6,LATITUDE-SH,39526.006387073,1.14.20,0.799284874929372,0.983595773881505,0.993294351212751,716,1507,10,0.962700695066751,0,"",1,1,21,1,0,28169.757490035,0,1,0.000662059201424215,842,0,38816,39658
6anBvYWGwkkZPAaPF6BmzF6LUPfP2HFVhQUAWckKH9LZ,406208.355655615,410389.839215424,0.010341236958441,0.0155271680021131,0.0155271680021131,0,414562.2,RELIABLESITE,39035.937481944,1.14.22,0.941254019711712,0.980715554417721,0.991726486272091,330,1623,21,0.98311449665862,0,"",1,1,13,1,0,0,0,1,0,0,0,39639,39639
GB44NXtM7zGm6QnzQjzHZcRKSswkJbox8aJsKiXGbFJr,442832.345288327,450833.720679457,0.0074950058426347,0.00666484190154081,0.00666484190154081,1,410988.303,Amarutu Technology Ltd,39156.768685474,1.14.20,0.957422746692538,0.991722393874577,0.983176916836893,283,670,33,0.979872081202199,0,"",1,1,14,1,0,0,0,1,0,0,0,39508,39508
3N7s9zXMZ4QqvHQR15t5GNHyqc89KduzMP7423eWiD5g,5475796.20182312,5487191.65355424,0.0141930719975079,0.00892338321594327,0.00892338321594327,1,410696.946,AMAZON-AES,38697.259293746,1.14.21,0.919372708395848,0.988917328774039,0.982479925037205,499,1017,34,0.97326630737983,0,"",1,1,15,1,0,0,0,1,0,0,0,39242,39242
GmTownnqSF8zXE4Cy3ZP8daMBPDSc6PnYW6aJLzjwTkz,909771.649780123,912979.425889294,0.00236977235564241,0.0363181435440677,0.0363181435440677,2,406183.246,GTT Communications Inc.,38212.142902322,1.14.22,0.986537916048944,0.954893560581707,0.971682134401478,190,1874,39,0.972676210514952,0,"",1,1,16,1,0,0,0,1,0,0,0,39218,39218
GHRvDXj9BfACkJ9CoLWbpi2UkMVti9DwXJGsaFT9XDcD,170731.547735049,178515.456458936,0.000461727051058107,0.00809670537067071,0.00666417086618097,0,403076.6,TEXASNET-ASN,39482.801960675,1.14.20,0.997377044124505,0.991723227287656,0.96425033497145,61,669,41,0.971460051173166,0,"",1,1,17,1,0.000233747,0,0,1,0,0,0,39169,39169
DMSuZcavta8L1w1tSiH8bALWjz6Q6KSryGG6m6Az4Qt5,367845.157374325,369951.578780724,0.0353325054635657,0.0146994080480923,0.0146994080480923,0,417515,LATITUDE-SH,39232.602132138,1.14.20,0.799284874929372,0.981743616443348,0.998790251296168,716,1591,4,0.966785836866444,0,"",1,1,18,1,0,6000,0,1,0.000141013625041571,179,0,38981,39160
J1to3PQfXidUUhprQWgdKkQAMWPJAEqSJ7amkBDE9qhF,105474.930950811,110231.456611059,0.0353325054635657,0.00340909090909091,0.00201732092704565,4,398479.584,LATITUDE-SH,39036.749088675,1.14.20,0.799284874929372,0.997494526005366,0.953253233631732,716,94,52,0.932968970167802,0,"",1,1,58,1,0,44278.623920273,0,1,0.00104065365773856,1324,0,37617,38941
CV7uvPY1Hk5Avb2NvkGJoUzGnipZrEZK27j5rQJoUae9,84691.158222292,87642.9765827449,0.0353325054635657,0.00904545454545454,0.00547319936229289,0,415182.1,LATITUDE-SH,38887.612714549,1.14.20,0.799284874929372,0.993202391109007,0.993209427188653,716,495,12,0.96337433945033,0,"",1,1,20,1,0,0,0,1,0,0,0,38843,38843
FahWJg2PkphJaMUUCzdYhXkD5NngUuuFRFD3YCE3BSwb,143218.638159259,173517.212116964,0.0353325054635657,0.00915634674236591,0.00909208682043646,0,414951.6,LATITUDE-SH,38565.258048036,1.14.22,0.799284874929372,0.988707802125011,0.992658019088528,716,1044,16,0.962604441759157,0,"",1,1,22,1,0,0,0,1,0,0,0,38812,38812
BH7asDZbKkTmT3UWiNfmMVRgQEEpXoVThGPmQfgWwDhg,416125.307684508,417449.133791947,0.00107962060270247,0.0125444725643509,0.0125444725643509,5,393436.42,01node Staking Services S.r.l.,42242.795507949,1.14.20,0.993866945424413,0.984420005084463,0.941188845432774,116,1444,102,0.952618642327771,0,"",1,1,37,1,0,12865.518106028,0,1,0.000302384034493945,385,0,38409,38794
RAREcr3SmDePhWD4Je1qEh1UMCQD5MFaDHF7UTzezQh,61135.077739404,69728.1491965671,0.000180378648565972,0.007096009253904,0.007096009253904,4,397896.864,MARKLEY-NETWORK-SERVICES,38735.152166041,1.14.19,0.998975314019428,0.99118689227233,0.951859235678999,19,745,57,0.962133067469321,0,"",1,1,23,1,0,0,0,1,0,0,0,38793,38793
5yHqB3NxovCEMUniQCboaPRMyyQ7kQQF4QqvC4vaz78z,53981.965477772,91532.5392420263,0.000648624632959178,0.00775717338217338,0.00660872978677454,4,396219.456,TIER-NET,39332.067693998,1.14.20,0.996315325714375,0.991792084047542,0.947846496596939,82,659,61,0.958683669341976,0,"",1,1,27,1,0,2704.427055171,0,1,0.0000635511914237006,81,0,38654,38735
73ckp5sRXUBqfEibK2TdCeArUpdFyw4mvq6QtTjMfuZD,2696.305373926,25896.7376685255,0.0353325054635657,0.0133333333333333,0.00484946986423308,0,411323.8,LATITUDE-SH,0,1.14.22,0.799284874929372,0.99397705121198,0.983979501493586,716,388,31,0.956333985846661,0,"",1,1,28,1,0,0,0,1,0,0,0,38559,38559
FXRu5NA4ouLGFuZNNWZFwwnvQz9zE7JCX3D23RJTc2NU,45481.452297196,45927.4988781248,0.000118782530217357,0.0237637362637363,0.00590219152185698,5,394503.46,Netrouting B.V.,38493.663262759,1.14.22,0.999325226159425,0.992669591054599,0.943741446296798,10,548,75,0.956056500487802,0,"",1,1,29,1,0,0,0,1,0,0,0,38548,38548
8jxSHbS4qAnh5yueFp4D9ABXubKqMwXqF3HtdzQGuphp,268689.605149265,272268.818779295,0.000704143088691003,0.00741843048194594,0.00741843048194594,5,394335.215,Blix Solutions AS,38500.125300169,1.14.22,0.99599993925537,0.990786451275884,0.943338966228227,91,800,86,0.955090460928377,0,"",1,1,31,1,0,0,0,1,0,0,0,38509,38509
AM3wUMazVnap88dVdE26jdSKBeLTe8EitNS7eTV35Tjd,37768.634727288,38675.0544989265,0.000100029111408705,0.013452380952381,0.00891230136046353,5,393882.35,ServeTheWorld AS,37950.724701584,1.14.21,0.999431759640487,0.988931092226519,0.942255610786738,7,1016,97,0.954642363028837,0,"",1,1,32,1,0,0,0,1,0,0,0,38491,38491
7DrGM5rSgw8iCnXNxgjfmy4GFy6PuKu3gsujT5TjcDaA,170692.22106048,173957.70944219,0.00133043204483024,0.0110569227691076,0.00929010648818446,5,394463.465,Psittacus Systems LIMITED,38280.458571044,1.14.22,0.992442148362464,0.988461865486315,0.943645769216692,144,1072,76,0.954600296490628,0,"",1,1,33,1,0,0,0,1,0,0,0,38489,38489
B6nDYYLc2iwYqY3zdmavMmU9GjUL2hf79MkufviM2bXv,571396.655957919,574699.564656151,0.00148631035681812,0.0111443589260747,0.0111443589260747,5,393279.86,AS40676,37798.226532092,1.14.19,0.991556642665204,0.986158919435275,0.940814318525374,146,1314,107,0.95210887615534,0,"",1,1,39,1,49.563115026,0,0.0000545658522531332,1,0,0,69,38389,38458
7PmWxxiTneGteGxEYvzj5pGDVMQ4nuN9DfUypEXmaA8o,295645.991252137,304934.365594757,0.0028069952021185,0.00802942776887828,0.00802942776887828,5,394406.655,M247 Europe SRL,38421.213279785,1.14.22,0.984054162429923,0.99002760433553,0.943509866855876,192,889,80,0.95332573828878,0,"",1,1,34,1,0,0,0,1,0,0,0,38438,38438
GuxBSrv5jnSwwPepkqnmkM7YCBSakKanbnw4BKMdda4j,132626.023541998,137109.632584402,0.000537676576507082,0.0159274964166268,0.0110878792902762,5,393451.43,SIA BITE Latvija,37101.585044085,1.14.22,0.996945593869293,0.986229066062329,0.941224752745498,63,1300,101,0.953259060096607,0,"",1,1,35,1,0,0,0,1,0,0,0,38435,38435
FCvNkHa4U3yh7AXWGGL2jWLWiSRouR8EtzY5WVTHKTHa,168717.774769022,171084.086194433,0.000442459633889161,0.0366975375331587,0.0312191255087303,5,394411.69,uvensys GmbH,37905.675646416,1.14.19,0.997486497501675,0.961226443423713,0.943521911713941,58,1872,79,0.953186042735883,0,"",1,1,36,1,0,0,0,1,0,0,0,38432,38432
4MpRU9fDDSQNNTeb4v5DPZZTKupYancGksH679AKLBnt,178730.257646561,196914.116907774,0.00392436555746194,0.0114369962762782,0.00959091790774789,5,394524.17,Latitude.sh LTDA,37833.476383897,1.14.19,0.977706660952729,0.988088263458546,0.943790989297898,247,1127,74,0.952416267564845,0,"",1,1,38,1,0,0,0,1,0,0,0,38401,38401
F1FkySZudpAUwfzcgrGVJTrQKFGg2bxBMJooNhRX1RBB,111829.817186165,112006.796887694,0.00230924130743288,0.0161241682565083,0.00797969971044966,5,393429.295,I P House Limited,38361.858169884,1.14.20,0.986881777791909,0.990089365632667,0.941171800822304,176,880,103,0.951966994572271,0,"",1,1,40,1,0,0,0,1,0,0,0,38383,38383
81LF3sFyx9aANNhZPTyPEULKHV1mTqd3qho7ZLQghNJL,190505.66953639,196704.896394577,0.00477142100558565,0.0106335366241027,0.0106335366241027,5,394352.03,SERVERS-COM,38066.766411502,1.14.22,0.972894750843856,0.986793350960924,0.943379191508937,276,1238,84,0.951259597518308,0,"",1,1,42,1,0,0,0,1,0,0,0,38355,38355
B1w6SZcyvjyp6zEyStcc8u9AxXAh2AbYvNzMmP9rRKE9,27431.177556246,47660.1093101838,0.00392436555746194,0.0298412698412698,0.00631606994801924,5,393535.125,Latitude.sh LTDA,0,1.14.20,0.977706660952729,0.992155561967909,0.941424970103155,247,609,100,0.950909121915763,0,"",1,1,43,1,0,0,0,1,0,0,0,38340,38340
BLADE1qNA1uNjRgER6DtUFf7FU3c1TWLLdpPeEcKatZ2,4258929.39288806,4270413.75501385,0.0111452206733301,0.0141129521017091,0.0141129521017091,5,397090.12,HURRICANE,38332.582838112,1.14.20,0.9366867893449,0.982471983508282,0.949929321681917,373,1557,59,0.950395290693635,0,"",1,1,44,1,0,0,0,1,0,0,0,38320,38320
ASe5VJAvTWqPeZXaoKZFk23xzoD3SgXZk1JrkWQx3M1W,1644598.93881947,1648214.96964816,0.00477142100558565,0.0130091370042049,0.0130091370042049,6,390233.762,SERVERS-COM,38071.346518705,1.14.22,0.972894750843856,0.98384290074044,0.933527363597066,276,1489,121,0.943454310646062,0,"",1,1,45,1,0,0,0,1,0,0,0,38040,38040
HQbdXrLm3EuFyu66mCpDS4ir9zRkhNHJVnck4vxG7jEo,139374.234613898,141110.631412444,0.00669492708330551,0.0178240662396173,0.0123264443039193,6,391098.468,JSC ER-Telecom Holding,37358.168887355,1.14.21,0.961967793983642,0.984690792012454,0.935595935799352,281,1429,117,0.943429672151789,0,"",1,1,46,1,0,0,0,1,0,0,0,38039,38039
4xtLq63x83LQTusziYCGotU1fzwAyZLkEyvzb7Gkhuox,38907.012574911,39025.1845059087,0.0111452206733301,0.00192307692307693,0.00192307692307693,7,391976.393,HURRICANE,0,1.14.20,0.9366867893449,0.997611575255155,0.93769613083754,373,84,115,0.942149727870796,0,"",1,1,49,1,0,0,0,1,0,0,0,37987,37987
9Gko8QZBbV5SrEvHKtQHcMrGGSfgFP3KJUozEGifu25x,113627.981136554,117789.202276123,0.000648624632959178,0.0164166373687369,0.0105449264151357,8,384511.52,TIER-NET,443.208309001,1.14.20,0.996315325714375,0.98690340314511,0.919838467329489,82,1230,139,0.936762979066827,0,"",1,1,53,1,0,6248.591060688,0,1,0.000146856346763123,187,0,37770,37957
Pond1QyT1sQtiru3fi9G5LGaLRGeUpJKR1a2gdbq2u4,1610466.93293096,1658191.79685616,0.0353325054635657,0.0103920739494941,0.0103920739494941,4,399481.248,LATITUDE-SH,37252.957967743,1.14.20,0.799284874929372,0.98709324298296,0.955649440326759,716,1214,48,0.934012107393022,0,"",1,1,56,1,0,8507.5,0,1,0.000199950921137539,254,0,37659,37913
GA2t11gJcmuZ4y7pShTzgYDkxVaJaVQJqkVUqojhPPsT,121501.162315676,121985.373614175,0.000315480530639235,0.0134159617794486,0.00960598355030447,8,380523.224,K4X OU,38597.19785969,1.14.22,0.998207834023265,0.988069552218736,0.910297561819307,33,1128,179,0.929804679881411,0,"",1,1,70,1,55.574354346,10386,0.0000611137545235092,1,0.000244095929700372,311,78,37489,37878
2nvpHkLkMeaa1G2QgHMLzvoStXwBzV5LR4nyiZqNYgFA,1108.634030172,1165.2237775325,0.00000301388630625866,0,0,7,384708.543,Operationrange LTD,0,1.14.20,0.999982878865821,1,0.920309790878777,4,1,138,0.938697205116878,0,"",1,1,50,1,0,0,0,1,0,0,0,37848,37848
2wUhcnViyzstvWmk7NAboKtjbFbqJPo4BvFBV37dacLc,96198.158914673,98395.9260551287,0.016995789450829,0.0504963281798448,0.017505897330255,5,393673.35,MEVSPACE sp. z o.o.,37045.864851679,1.14.21,0.903451171646605,0.978258010450565,0.941755635546278,587,1723,98,0.938670516092812,0,"",1,1,51,1,0,0,0,1,0,0,0,37847,37847
6JfBwvcz5QUKQJ37BMKTLrf968DDJBtwoZLw19aHwFtQ,136806.764442887,142516.297536103,0.0074950058426347,0.00403846153846154,0.00377448900735624,7,386074.62,Amarutu Technology Ltd,37743.856647497,1.14.22,0.957422746692538,0.995312156868956,0.923577755838407,283,245,130,0.934302708356777,0,"",1,1,55,1,0,2000,0,1,0.0000470199986162951,60,0,37671,37731
FzWY14JRyemkT7Yhng4s9BBmqJwL5pGSHpiLEW8LAWB2,71405.414954157,82837.0886149154,0.00235800231603654,0.0186770833333333,0.00825505301646938,10,383963.98,PERFECT-INTERNATIONAL,37731.780427379,1.14.22,0.986604778699655,0.989747382094837,0.918528627888523,178,918,140,0.934480247567645,0,"",1,1,54,1,0,0,0,1,0,0,0,37678,37678
9mg9SH69itqkRdy1CudMforH3ju7uR3K8GH8esGx4Mfx,3718.166161434,33364.0862881641,0.0353325054635657,0.00625,0.00154756424503708,4,398646.24,LATITUDE-SH,36735.928957647,1.14.20,0.799284874929372,0.998077954816716,0.953651912453139,716,53,49,0.933320525323604,0,"",1,1,57,1,0,0,0,1,0,0,0,37631,37631
NoRDTy8jpkpjPR7yxahVdoEUPngbojPhFU5jb8TtY4m,134065.234092586,134804.15635768,0.0353325054635657,0.00720807210031348,0.00529202728976596,4,398533.056,LATITUDE-SH,37620.70837078,1.14.22,0.799284874929372,0.993427403356778,0.953381150742057,716,475,50,0.932754512356622,0,"",1,1,59,1,0,0,0,1,0,0,0,37608,37608
2Q9mEXrNcJknsDyBjsAieH8XrL4MBePEaLJwmHr3NK3L,52682.48909611,55178.0573431553,0.0046888627940859,0.00713235294117647,0.00419115567402291,8,383463.745,HVC-AS,0,1.14.20,0.973363743391353,0.994794664840906,0.91733195269995,256,300,142,0.931910898355624,0,"",1,1,60,1,0,0,0,1,0,0,0,37574,37574
Ha5QeKj9o3u1116qohTcSqEhPRJgUUKSLxS1n5Phgq85,64398.178484578,98001.3653534041,0.00185731701201325,0.0123386932907173,0.00840876149534669,8,382074.896,E-Light-Telecom Ltd.,36715.888038829,1.14.20,0.989449046664792,0.989556479104927,0.914009511969144,168,945,146,0.931426899394304,0,"",1,1,61,1,0,0,0,1,0,0,0,37555,37555
4aFj9VyXDrqU4TnKWnMVuPaAVTaF4GZLLKZN2iZivW29,60720.797714694,111708.824730502,0.000289229819830985,0.0109951537433155,0.00771628300566973,8,381122.236,24SHELLS,37051.607491849,1.14.22,0.99835695774472,0.990416524140136,0.911730533918536,32,839,167,0.931110444524226,0,"",1,1,62,1,0,0,0,1,0,0,0,37542,37542
RNXpSdqrJL6eoLrbW69Q9qsFviEwRpfFfk3HiRRRohq,411900.461825506,413254.632081744,0.00129394827214104,0.00957840863950769,0.00957840863950769,8,381560.34,CETIN a.s.,36459.317873449,1.14.22,0.992649403548652,0.988103799730364,0.912778577711582,135,1122,162,0.93086064491873,0,"",1,1,64,1,0,0,0,1,0,0,0,37532,37532
BFx4GGeS6s66HGux6oy7jMwiKPu6sUAJrzhK89wHun6R,111306.893779012,112678.367298909,0.00235800231603654,0.00650313569194024,0.00489930554829199,8,381659.056,PERFECT-INTERNATIONAL,36428.742676309,1.14.22,0.986604778699655,0.993915156245869,0.91301472869645,178,395,159,0.930559384662283,0,"",1,1,65,1,0,0,0,1,0,0,0,37520,37520
6SQJfKXxqacQpYmCNtqvabV6kfHrPGqXm9q2iH7zsied,17258.358809241,18217.7451270781,0.000825892366410893,0.00277777777777778,0.00222422675114685,8,380768.864,SERVER-MANIA,0,1.14.22,0.995308312064369,0.997237552930495,0.91088518822154,103,104,173,0.930515850713434,0,"",1,1,66,1,0,0,0,1,0,0,0,37518,37518
5bTe8MuMyP1A1ahXHpAkFrhQybNEQuKgU5QhpnQRKxuQ,21923.655045676,65939.2422991956,0.010341236958441,0.0174430641821946,0.00813552976761622,7,385384.746,RELIABLESITE,0,1.14.22,0.941254019711712,0.989895827683113,0.921927421297558,330,902,134,0.930129083083239,0,"",1,1,67,1,0,0,0,1,0,0,0,37503,37503
55gncCYVFXYZhjD5a3aemVVtiHaVwfzu2R4axgamGLwV,102826.967471919,104289.045963437,0.00185731701201325,0.0291753013412496,0.0100279511786845,8,381452.424,E-Light-Telecom Ltd.,35067.541567691,1.14.21,0.989449046664792,0.98754547649766,0.91252041824723,168,1181,164,0.930126750176888,0,"",1,1,68,1,0,0,0,1,0,0,0,37502,37502
F2bcoVhE2he5DCruN4PKkWAriNXs2VWty94n9CCdWZ8s,59015.844503139,88634.390600057,0.00390283530086776,0.00625610948191593,0.00499670051420408,8,382019.604,OOO NIIR-RadioNet,37086.218000511,1.14.20,0.977828968954621,0.993794193561633,0.913877241007443,236,414,149,0.929863426272716,0,"",1,1,69,1,0,0,0,1,0,0,0,37492,37492
KXMGa7fRW78c6VVND6YwPbR9sEu8V3q9QL3ctLDioAT,58077.791169795,87672.8491786461,0.00390283530086776,0.0121099515074847,0.00561833727599199,8,381888.228,OOO NIIR-RadioNet,36170.933305764,1.14.20,0.977828968954621,0.99302213259707,0.913562959920406,236,506,154,0.929562282285413,0,"",1,1,71,1,0,0,0,1,0,0,0,37480,37480
eondcw2upjH14EuvBzmn6HfGEGo8t9hG9JbXtPj6cym,108627.233503822,109492.848492387,0.0353325054635657,0.013145432366495,0.00826431786049741,5,396875.41,LATITUDE-SH,37184.421611709,1.14.22,0.799284874929372,0.989735875335816,0.94941568683082,716,919,60,0.929420191807904,0,"",1,1,72,1,0,0,0,1,0,0,0,37474,37474
HTtwGKgQgsQCAFDPBgN7LabHTMEkUpmTnFqEo5cBcquR,59168.573030603,88786.7625761446,0.00390283530086776,0.0131372549019608,0.00492646667054136,8,381708.736,OOO NIIR-RadioNet,37214.468424778,1.14.20,0.977828968954621,0.993881422651701,0.913133574485665,236,402,157,0.929298085032123,0,"",1,1,73,1,0,0,0,1,0,0,0,37469,37469
9RykQjmjgDZ64o7zf76uUcbr2ai146wcwku4pUSztyLL,67015.716318068,74239.6684279213,0.00390283530086776,0.0103081168394131,0.00646826185104436,8,381753.908,OOO NIIR-RadioNet,20437.351807064,1.14.21,0.977828968954621,0.991966542536191,0.913241636119934,236,631,156,0.929233910895752,0,"",1,1,74,1,0,0,0,1,0,0,0,37466,37466
ASrBTnxfvt8uY164wRrM9xXP925yoHzoRBnVYU5s7DEs,57880.793247028,87499.823834675,0.00390283530086776,0.010780303030303,0.00793543140072633,8,381810.396,OOO NIIR-RadioNet,35948.221320724,1.14.20,0.977828968954621,0.990144346026372,0.913376768183968,236,874,155,0.929197689675022,0,"",1,1,75,1,0,0,0,1,0,0,0,37465,37465
2dCciM6aFdDXeiirHNTmkxh9Sda1DwfPfF1HVNZSrPcE,115642.791497529,130631.913818828,0.0046888627940859,0.00310150375939849,0.00310150375939849,8,381912.424,HVC-AS,22303.375474852,1.14.22,0.973363743391353,0.996147991670908,0.91362084222145,256,165,153,0.929160300051393,0,"",1,1,76,1,0,0,0,1,0,0,0,37463,37463
We11J5D4iXcNbdMwCZX2o9RRkwaWBo1AGLADfubmeTb,108416.257845559,108652.205004997,0.0046888627940859,0.0154593109645292,0.00784024063776679,8,382127.612,HVC-AS,37419.474403286,1.14.20,0.973363743391353,0.990262571132713,0.91413562055659,256,858,145,0.929103558729332,0,"",1,1,77,1,0,0,0,1,0,0,0,37461,37461
HD9FwkthKMAFzT3zsPfsZuELUN7pW71KkDR1EczuX8t5,58400.029081666,92743.1303392762,0.00185731701201325,0.0122558948700253,0.00760603111232002,9,380758.63,E-Light-Telecom Ltd.,36695.375693552,1.14.20,0.989449046664792,0.990553454882262,0.91086070618034,168,824,174,0.929081431539634,0,"",1,1,78,1,0,0,0,1,0,0,0,37460,37460
78QvBqfkWbDbyo1DMb2ku42r1UfxecwptjbPWJqxkX6E,97427.812023333,107993.744853472,0.000581914006876776,0.0278209242025032,0.0109407411658527,8,380297.364,Verdina Ltd.,36836.382510957,1.14.21,0.996694292093408,0.986411808797717,0.909757253647965,76,1282,183,0.92902868688186,0,"",1,1,79,1,0,0,0,1,0,0,0,37458,37458
AE6xdVD5e92ZgevjWAamoF5kuAu88AvmUv4RRdBcoyz3,70641.133049539,103577.311701003,0.000267939908587715,0.0189483438610552,0.00688320666758322,9,379866.098,LLC SETEL,36770.239596772,1.14.20,0.998477900404797,0.991451189013056,0.908725567896518,31,714,191,0.928897128368295,0,"",1,1,80,1,0,0,0,1,0,0,0,37453,37453
6SmEcnuXJ3ZYqJWTqCoPQMhfvey6PfWb1LebLzoH3f7m,108497.903143628,108733.35911936,0.0046888627940859,0.011887717757283,0.00895225650671507,8,382067.352,HVC-AS,37398.708108736,1.14.20,0.973363743391353,0.988881468699324,0.913991465015967,256,1023,147,0.928886431203208,0,"",1,1,81,1,0,0,0,1,0,0,0,37452,37452
kpkkSzKLha44i5ij2eyTf8Aju9eQTEixeR8ktmvtDgT,57932.152556169,88989.5196421619,0.00185731701201325,0.0159467787114846,0.00852543318347874,9,380652.101,E-Light-Telecom Ltd.,36740.371934888,1.14.20,0.989449046664792,0.989411575100509,0.910605864733493,168,956,176,0.928797562751156,0,"",1,1,82,1,0,0,0,1,0,0,0,37449,37449
6kUVXggj4MA7i6QtMeCXvHQVmXJ11sADbkETJxsZfAPs,101869.980388263,103334.750791321,0.0046888627940859,0.0156619806164008,0.01029583724781,8,382024.94,HVC-AS,37399.899455606,1.14.21,0.973363743391353,0.987212767125185,0.913890005925544,256,1202,148,0.928680024089487,0,"",1,1,83,1,0,0,0,1,0,0,0,37444,37444
5wYHvcKbCHPsT9dhEZaVZzoVY1qA7bosKRzKczpcaXpq,71880.011309585,94022.1738569274,0.00185731701201325,0.017902019755468,0.00872842259913329,8,380541.44,E-Light-Telecom Ltd.,36881.552846794,1.14.20,0.989449046664792,0.989159466129998,0.910341138608686,168,979,177,0.928574534272803,0,"",1,1,84,1,0,0,0,1,0,0,0,37440,37440
G2Qvt31y3wQDqLvnZTf1Lj91JrZ8rKUhtCP5kVJxXS9,107099.804664679,107384.718354524,0.00119852731876413,0.0119758642093201,0.00821925752922966,9,380177.065,Sibirskie Seti Ltd.,36187.201718542,1.14.20,0.993191466115123,0.989791839405125,0.909469471248673,124,911,185,0.928528421855546,0,"",1,1,85,1,0,0,0,1,0,0,0,37438,37438
GwjRJdT9nKmegq6a8nyvEPfoQZUSPp6N4KmWAUMo76aU,122566.770347811,122753.673171989,0.00119852731876413,0.0228460009048906,0.0125391669811585,8,380304.724,Sibirskie Seti Ltd.,37577.068325435,1.14.22,0.993191466115123,0.984426594517277,0.909774860431553,124,1443,182,0.928350625466388,0,"",1,1,86,1,0,0,0,1,0,0,0,37431,37431
54LAJpkmdovUQPRqE4pyDXHRfHpVJqT5MjwEmAEVBboY,50984.830345703,74348.9880577142,0.00390283530086776,0.0201193659281895,0.00991838158352833,8,381345.888,OOO NIIR-RadioNet,37115.131207477,1.14.21,0.977828968954621,0.987681559838484,0.912265560054801,236,1161,165,0.928153469099672,0,"",1,1,87,1,0,0,0,1,0,0,0,37423,37423
9V3Yy2fYZt65so3xg6wmnUiG1mDQvgkTJYTsn3YPkgLH,100517.743162642,101935.84481916,0.00119852731876413,0.0218571428571429,0.008737405819867,8,379888.332,Sibirskie Seti Ltd.,35652.693816547,1.14.20,0.993191466115123,0.98914830914172,0.908778756650089,124,980,190,0.927947600605604,0,"",1,1,88,1,0,0,0,1,0,0,0,37415,37415
G9oM5tuM9E9r4Q9N5cNbm7NbT8bGuaQFdJ7QTPXVYHeJ,71146.625518397,96883.5711379504,0.00185731701201325,0.0153622142752578,0.00719084066495388,8,380113.456,E-Light-Telecom Ltd.,36888.475466915,1.14.22,0.989449046664792,0.991069113474185,0.909317304143072,168,763,187,0.927933865248807,0,"",1,1,89,1,0,0,0,1,0,0,0,37414,37414
DuGCGy6inpKrECrBMWissxMQtqgAy8EYjY6CgjVk8g1b,116695.244006063,117003.368691156,0.000581914006876776,0.0218973755651466,0.0133045536078887,8,379801.76,Verdina Ltd.,36231.326681287,1.14.21,0.996694292093408,0.983475998970776,0.908571656858141,76,1513,192,0.927890857826077,0,"",1,1,90,1,0,0,0,1,0,0,0,37412,37412
HnkhL3JYBSmb3s9thcVWzAQA9NqJb5m9U2d7mdDxprGo,108304.98876975,108620.612185689,0.00119852731876413,0.00525740409461339,0.00457465410157419,9,379403.409,Sibirskie Seti Ltd.,37228.69057651,1.14.20,0.993191466115123,0.99431836713124,0.907618711226501,124,355,194,0.9274529547405,0,"",1,1,91,1,0,0,0,1,0,0,0,37395,37395
RBFvvcGPBpgkBYmJGsphoDQJD8sszSuorM7TorWm12Y,2221126.69638867,2229872.79730071,0.0057669972550281,0.0115999138880185,0.0115999138880185,8,381914.724,RADIOKOMUNIKACE a.s.,37319.778196525,1.14.22,0.967239131215347,0.985593128888528,0.913626344341321,279,1357,152,0.927410371902494,0,"",1,1,92,1,0,0,0,1,0,0,0,37393,37393
6GoijNiK3JZVAY96ykCfPhcJnrQfrQMLvrQaX5HyMVhu,108691.599949257,109010.569027716,0.000563695363980565,0.00542960239651417,0.00542960239651417,9,379052.832,Netorn LLC,37445.708339932,1.14.20,0.996797787646286,0.993256537706378,0.906780051801262,74,487,198,0.927280971616275,0,"",1,1,93,1,0,0,0,1,0,0,0,37388,37388
4K4qpgksvHbKnk8mpMNncHxihMN1ayidQ8odqJKaN7mH,108706.510330053,108954.251644371,0.00185731701201325,0.0253196486928105,0.0159864193806539,10,380138.436,E-Light-Telecom Ltd.,37238.097421484,1.14.20,0.989449046664792,0.980145172992283,0.909377061949325,168,1650,186,0.927139529678086,0,"",1,1,94,1,1.789913578,0,0.00000218263409012533,1,0,0,3,37382,37385
6mBPtjzc3tWBSDFvJEBnidhpf3bqPoLk7nP9STWyzdzv,14168.206912072,45384.9240708356,0.0046888627940859,0.0181372549019608,0.00378540460743217,8,380828.204,HVC-AS,37786.493384311,1.14.20,0.973363743391353,0.995298599902507,0.911027142914215,256,248,170,0.927099808909797,0,"",1,1,95,1,0,0,0,1,0,0,0,37380,37380
De4k4hrdkxFHmAx4nVRA3g5ukdg4YqmDLdwuYUcrjjud,108476.640302031,108951.260732744,0.000563695363980565,0.0161946386946387,0.00884334719587989,9,379064.992,Netorn LLC,37398.315354671,1.14.20,0.996797787646286,0.989016731979654,0.906809141269798,74,998,197,0.926977209228478,0,"",1,1,96,1,0,0,0,1,0,0,0,37375,37375
LunaFpQkZsZVJL2P2BUqNDJqyVYqrw9buQnjQtMLXdK,200677.191214479,200989.660061964,0.000702982360697256,0.0429977199002835,0.0372432234003933,8,380357.992,VeloxServ Communications Ltd,36273.86442394,1.14.22,0.996006533060745,0.953744629099408,0.909902289527767,89,1875,181,0.926521583884506,0,"",1,1,97,1,0,0,0,1,0,0,0,37357,37357
2giMniq7L6WLUaZwDsfP2fmTbTnsJgVDyBDZJ5vnmtE3,106994.740918768,108794.101602874,0.00235800231603654,0.0650392411642412,0.0111397058399882,5,379735.615,PERFECT-INTERNATIONAL,37793.613657156,1.14.22,0.986604778699655,0.986164698479168,0.908413423067327,178,1312,193,0.92642372973475,0,"",1,1,98,1,0,0,0,1,0,0,0,37353,37353
49DJjUX3cwFvaZD5rCAwubiz7qdRWDez9xmB381XdHru,141637.976294322,142141.15514719,0.0074950058426347,0.0155055071599561,0.0082421057369302,8,381919.876,Amarutu Technology Ltd,21.621660669,1.14.22,0.957422746692538,0.989763462368309,0.913638669089832,283,915,151,0.926230434357824,0,"",1,1,99,1,0,0,0,1,0,0,0,37345,37345
26iSti8PzN59f8nzW4AcQB8ASUo6DKNC1LfJwo9kJUjN,79283.208369321,86795.3050208253,0.00361950370209671,0.0513886661320503,0.00716428623637113,9,379898.414,OOO NIIR-RadioNet,9280.05359962,1.14.20,0.979438504891506,0.991102093566427,0.908802875072933,234,755,189,0.926000604159905,0,"",1,1,100,1,0,0,0,1,0,0,0,37336,37336
g4MMQmzT7182jBvyUebMvsgvNM3RVrVFFJd9tRjWXhf,130175.376850652,130728.366537392,0.00033809154809916,0.00578785862170955,0.00578785862170955,9,378130.489,Nessus GmbH,35739.451443118,1.14.20,0.998079386489248,0.992811590329087,0.904573598867233,38,528,201,0.925746642459993,0,"",1,1,101,1,0,0,0,1,0,0,0,37326,37326
E8P6asEbbkar5kMLHpCGswDgny8PwBqjRTVxdTmV8XEE,90564.482415458,91067.5885034182,0.00023552486720294,0.0918318259179733,0.0179348894898191,8,378681.752,LEVEL3,37618.151078431,1.14.22,0.998662042146244,0.977725210396156,0.905892344565712,28,1735,200,0.925690210795828,0,"",1,1,103,1,0,0,0,1,0,0,0,37324,37324
AuBB9st3RqhHBkzZgBSm6SVnHZNJQSHeBWCSkik4bzdA,230218.032862123,287294.889965845,0.0353325054635657,0.0119272521050519,0.0119272521050519,5,394223.78,LATITUDE-SH,30697.299023003,1.14.20,0.799284874929372,0.98518658108583,0.943072388520473,716,1385,91,0.924190785857639,0,"",1,1,113,0,0,730135.625,0,1,0.017159911398371,21829,0,0,21829
abc1zP7ihWsgQW8z5YmfQNqMckJE5Dfx8fwUNMNVNkY,91762.738742069,93421.9484618107,0.0932685076651144,0.0185405039321831,0.0116660828955315,10,373639.23,UAB Cherry Servers,18077.8494425,1.14.21,0.470164939181615,0.985510948247187,0.893829492175866,1329,1361,253,0.835702749874544,0,"",1,1,1272,0,10300.005946998,114670.541483129,0.0112405655641454,1,0.00269504813568024,3428,14299,0,17727
Va1idkzkB6LEmVFmxWbWU8Ao9qehC62Tjmf68L3uYKj,882722.362373642,903668.08136135,0.0353325054635657,0.0124010897866167,0.0124010897866167,5,394124.03,LATITUDE-SH,45542.121260048,1.14.20,0.799284874929372,0.984598083751112,0.942833763973889,716,1433,94,0.923961959488365,0,"",1,1,115,0,53.378728109,260119.145664427,0.0000578398033883212,1,0.00611341130924636,7777,74,0,7851
gangtRyGPTvYWb8K3xS2feJQaCks4iJ7rytFUPtVqSY,103942.957231123,109122.207827928,0.0353325054635657,0.0115322580645161,0.00624319254278869,5,394557.42,LATITUDE-SH,43320.591331452,1.14.19,0.799284874929372,0.992246074310865,0.943870530813426,716,602,73,0.92534777940799,0,"",1,1,105,0,910.086667463,120451.66414543,0.000993098511007024,1,0.00283091460110997,3601,1263,0,4864
GK9MfwWEK7BvMS8eQDaiEPnKcqMJoS7SKUiEBQY2pfxC,73778.826581019,74533.6427682881,0.0932685076651144,0.0126549389778795,0.00481050733047183,10,373885.29,UAB Cherry Servers,179.315762073,1.14.22,0.470164939181615,0.994025441933454,0.894418123313032,1329,378,222,0.83681050410977,0,"",1,1,1269,0,0,83326.907750161,0,1,0.00195837830528796,2491,0,0,2491
3Xn3K5zeTzs4sURj1PCRaF6rvFg2hPgT49B4SiM998f7,129890.780553195,134070.051407868,0.0800314215556341,0.00372023809523809,0.00353639376926101,2,405553.4,PACKET,2253.076362492,1.14.22,0.545361514096879,0.99560786659927,0.970175400404812,1284,222,40,0.906775761449319,0,"",1,1,349,0,0,75227.499272,0,1,0.00176800295586074,2249,0,0,2249
LodezVTbz3v5GK6oULfWNFfcs7D4rtMZQkmRjnh65gq,110481.794856754,123495.660816118,0.07201583799073,0.00938331524968353,0.00796433491944657,1,410671.107,WEBNX,1736.835707704,1.14.20,0.590896039221423,0.990108448409123,0.982418112308792,967,879,35,0.922775511533838,0,"",1,1,119,0,549.287734263,40814.663488844,0.000599133057739402,1,0.000959249705499003,1220,762,0,1982
CertusDeBmqN8ZawdkxK5kFGMwBXdudvWHYwtNgNhvLu,4681626.02833335,4687171.36476312,0.0800314215556341,0.00914786490927946,0.00914786490927946,10,373445.82,PACKET,355.460823552,1.14.22,0.545361514096879,0.988638526805852,0.893366811739227,1284,1055,331,0.847156128645529,0,"",1,1,1231,0,604.617848708,0,0.000660246812262911,1,0,0,840,0,840
CwSZ17woioM2bqEbaswZJYvx5pemN6t3shBcU6zqPHyG,6669.859264483,7235.0045234963,0.0353325054635657,0,0,6,389764.138,LATITUDE-SH,0,1.14.20,0.799284874929372,1,0.932403916839525,716,1,124,0.917123762942615,0,"",1,1,137,0,149.08422335,17986,0.000162606239714337,1,0.000422716279473517,538,207,0,745
FnAPJkzf19s87sm24Qhv6bHZMZvZ43gjNUBRgjwXpD4v,137551.298540632,148523.976425252,0.0353325054635657,0.00673743989533463,0.00590535222122021,5,393371.725,LATITUDE-SH,744.74781216,1.14.20,0.799284874929372,0.992665665526462,0.941034080369704,716,550,104,0.923198170698634,0,"",1,1,116,0,512.052988647,0,0.000558754327072084,1,0,0,711,0,711
GE6atKoWiQ2pt3zL7N13pjNHjdLVys8LinG8qeJLcAiL,4438966.32001112,4471035.91653958,0.07201583799073,0.0112005594862265,0.0112005594862265,5,395194.585,WEBNX,719.968855827,1.14.20,0.590896039221423,0.986089119414833,0.945394773512412,967,1321,65,0.8939868409986,0,"",1,1,610,0,0,22803.591925731,0,1,0.000535953790934062,682,0,0,682
4nCK62aZ126pC1krepWXXxgBJGgPUGEWni2iCABZop81,76609.625150485,77432.4833032055,0.0046888627940859,0.0209247879313669,0.0127814937329018,10,373621.95,HVC-AS,328.953320313,1.14.22,0.973363743391353,0.984125629327973,0.893788154510052,256,1470,262,0.912979589323938,0,"",1,1,222,0,0,10999.999548133,0,1,0.000258517250774995,329,0,0,329
DimavhUqvCpWjUZqSFZGLqBiUVUYQ5jZEaCHutKKVs45,71331.042263429,100661.555456253,0.000444931204964084,0.0148201058201058,0.00807030199553766,9,377937.742,PE Konstantin Vladimirovich Kravchenko,37150.124768507,1.14.20,0.997472457124664,0.989976839328052,0.904112504476453,59,893,202,0.925080522949378,0,"",1,1,107,0,0,7000,0,1,0.000164523624349719,209,0,0,209
5nH6sYJNSa71DCBQHgRCsX1dh5W1bWrUPeYieo9xyZ7f,72266.25194903,72993.7459504006,0.000188774581022806,0.0137153110047847,0.0073923356825246,10,373504.05,COLT Technology Services Group Limited,197.558315441,1.14.20,0.998927618827393,0.990818860517502,0.893506111061007,26,797,302,0.917210400675566,0,"",1,1,136,0,0,6586.084972944,0,1,0.0001547857548138,197,0,0,197
G8GqFzoEZrxHqV279nYxD5PX1vWWHvxWHkBDkXU2qMy6,70486.701502258,71265.8065420593,0.07201583799073,0.00836466165413535,0.00604265943342142,10,372892.14,WEBNX,194.576900357,1.14.22,0.590896039221423,0.992495132595963,0.892042284030432,967,565,624,0.853439234718702,0,"",1,1,946,0,0,6500,0,1,0.000152768624695645,194,0,0,194
76DafWkJ6pGK2hoD41HjrM4xTBhfKqrDYDazv13n5ir1,78367.260771354,79014.0577794705,0.0353325054635657,0.0198757080789749,0.00909101754242557,10,376602.912,LATITUDE-SH,364.651880947,1.14.20,0.799284874929372,0.988709130147842,0.900919289403611,716,1041,210,0.892036290310976,0,"",1,1,626,0,0,6000,0,1,0.000141013625041571,179,0,0,179
Gd5ngiHe5vQbDW6EbQ1wNNsvumwL1M3ranZ3xh4Wy8Hm,70199.321128943,70971.8759229405,0.016995789450829,0.00734773238380809,0.0058760129263403,10,373168.17,MEVSPACE sp. z o.o.,155.030835581,1.14.20,0.903451171646605,0.992702104369364,0.892702610181745,587,544,472,0.902048503806155,0,"",1,1,467,0,0,5171.320517688,0,1,0.000121537885969733,155,0,0,155
DDCWKg1piRArvzrfu3QC9bPKANz71LpYRuQaSJ2FnNQy,70113.355201957,70901.4211524641,0.00162972121679952,0.157308802308802,0.0212083253505992,10,373151.25,myLoc managed IT AG,121.504649542,1.14.20,0.990741961444045,0.97365966568667,0.892662133717302,149,1817,484,0.913981917365214,0,"",1,1,198,0,0,4054.889981963,0,1,0.0000952920090300655,121,0,0,121
GAnbgkZq584QAdfZZzX8aCiKvDYcqszY3jGCiwqm3a9h,70139.45136675,70927.6871778029,0.00235800231603654,0.0201929895762133,0.0117020024878556,10,371821.86,PERFECT-INTERNATIONAL,118.539732378,1.14.20,0.986604778699655,0.985466336800759,0.889481932354068,178,1368,1086,0.911807324441596,0,"",1,1,240,0,0,3994.797725161,0,1,0.0000939008848106485,119,0,0,119
99pDvgeCTExgyafsUZB3hwTMcNSqyHaXpEUwWj8U6FUy,70134.445279767,70912.2100813806,0.000366852434680058,0.00751411574914297,0.00493284199647215,10,370835.46,m.it services & consulting UG(haftungsbeschraenkt),110.592023963,1.14.20,0.997916003087152,0.993873504618872,0.887122240597176,45,405,1310,0.91237907052038,0,"",1,1,233,0,0,3686.253264905,0,1,0.0000866206680623661,110,0,0,110
5EYp3kCdMLq52vzZ4ucsVyYaaxQe5MKTquxahjXpcShS,48050.956745436,49287.685206652,0.175929725991523,0.0175,0.0040406879878811,0,416078,TERASWITCH,130.394383601,1.14.22,0.000587235670484985,0.994981542828244,0.995352622489747,1803,283,7,0.842283249158976,0,"",1,1,1262,0,78.771704527,0,0.0000862140465599504,1,0,0,110,0,110
EzbdAPRyZebKjxp7A1GGEBXY8RgimeVB8KR9mFPZqP7q,70151.893913594,70939.8427436172,0.000366852434680058,0.0264854455888939,0.0111269837045452,10,373125.24,m.it services & consulting UG(haftungsbeschraenkt),99.7716451,1.14.20,0.997916003087152,0.98618049912798,0.892599911918238,45,1310,499,0.916000894191128,0,"",1,1,152,0,0,3317.635532126,0,1,0.0000779725124983237,99,0,0,99
Ev3gPXRo6TJeQ2QhxfqWFoasdoGbmDytYvJbUabEHfLf,649064.735901517,656129.107016917,0.0932685076651144,0.0121679180602475,0.0121679180602475,0,414422.8,UAB Cherry Servers,2204.857384134,1.14.19,0.470164939181615,0.984887678574062,0.991393009963382,1329,1410,25,0.910703665890085,0,"",1,1,256,0,0,3000,0,1,0.0000705068125207857,90,0,0,90
78TqFdfHpVULu9EbsouUEGibUJb27DwNLYGsR9qqJJeb,70070.205704628,70854.1612138183,0.00162972121679952,0.131110729941999,0.0207698128851667,10,372899.79,myLoc managed IT AG,55.297106071,1.14.20,0.990741961444045,0.974204289778818,0.892060584559568,149,1814,622,0.913561081404815,0,"",1,1,208,0,0,1843.126632452,0,1,0.0000433103340311831,55,0,0,55
4qvFxnUXYjBdcviCwVV7gKcGJMCENEBfS82hSLJUhyvu,45449.956867275,66892.0291875476,0.0353325054635657,0.00700000000000001,0.0045390431232849,4,375748.992,LATITUDE-SH,0,1.14.22,0.799284874929372,0.994362595284942,0.898876519751295,716,350,212,0.890899810973587,0,"",1,1,637,0,0,1020,0,1,0.0000239737073812866,30,0,0,30
644K33yWfSzc32VvY5fRUfUqphw8LTaLQntCkyEpJ8h7,16726.726557734,17426.9704898928,0.0353325054635657,0,0,9,377776.672,LATITUDE-SH,30.610487446,1.14.22,0.799284874929372,1,0.903727188629654,716,1,205,0.895064741242714,0,"",1,1,606,0,0,1011,0,1,0.000023765038748374,30,0,0,30
4hoZBjJrFqJf9Bhop5sAwdidFM8qM88EQJQwbfgs1pkP,70269.469339959,71055.5479289172,0.00018376113546901,0.00635316022544284,0.0046260129263403,10,373264.2,Calypso IT Services GmbH,30.611087149,1.14.22,0.998956098957465,0.994254580453513,0.892932335647493,24,363,427,0.91703770268026,0,"",1,1,138,0,0,1000,0,1,0.0000235099993081476,30,0,0,30
MNDE6ueF5uMvyk3ohq7wWZ8H749pbpj1yHj2MvMRCJM,71028.049877335,71524.5457222437,0.0368786258585534,0.00280303030303031,0.00280303030303031,10,373675.77,IS-AS-1,30.609351954,1.14.21,0.790501751729286,0.99651868999312,0.893916904115035,760,148,244,0.885899325738619,0,"",1,1,661,0,0,1000,0,1,0.0000235099993081476,30,0,0,30
6n8taYki7RscA1XW7xGmevLcqj855oSgDgjPe1dZyHfW,147949.993110996,148285.62927696,0.0800314215556341,0.0123729298801973,0.0099566948056998,8,381095.372,PACKET,0,1.14.20,0.545361514096879,0.987633975549582,0.911666269158441,1284,1167,168,0.861155361179058,0,"",1,1,909,0,0,1000,0,1,0.0000234868139044906,30,0,0,30
GvZEwtCHZ7YtCkQCaLRVEXsyVvQkRDhJhQgB6akPme1e,3554579.2091967,3579153.31081971,0.0800314215556341,0.00898397541805832,0.00898397541805832,0,414433.4,PACKET,11395.434560012,1.14.22,0.545361514096879,0.988842074418303,0.99141836755931,1284,1028,24,0.922596059861936,0,"",1,1,120,0,2.30835564,0,0.00000218263409012533,1,0,0,3,0,3
